X,INDEX,N_TEXT,ITERATION,ALPHA,BETA,PERPLEXITY
llda_fulltexts,0.0,250.0,25.0,0.1,0.1,99.97023896892021
llda_fulltexts,1.0,250.0,25.0,0.1,0.3,
llda_fulltexts,2.0,250.0,25.0,0.1,0.5,129.25445784644054
llda_fulltexts,3.0,250.0,25.0,0.1,0.7,136.46217678559452
llda_fulltexts,4.0,250.0,25.0,0.1,0.9,146.51729812991482
llda_fulltexts,5.0,250.0,25.0,0.3,0.1,99.95931212945257
llda_fulltexts,6.0,250.0,25.0,0.3,0.3,119.7408329413162
llda_fulltexts,7.0,250.0,25.0,0.3,0.5,134.02033998017322
llda_fulltexts,8.0,250.0,25.0,0.3,0.7,144.3886038756793
llda_fulltexts,9.0,250.0,25.0,0.3,0.9,149.06779093653645
llda_fulltexts,10.0,250.0,25.0,0.5,0.1,100.32938831737705
llda_fulltexts,11.0,250.0,25.0,0.5,0.3,122.08231223109527
llda_fulltexts,12.0,250.0,25.0,0.5,0.5,
llda_fulltexts,13.0,250.0,25.0,0.5,0.7,147.81790571988972
llda_fulltexts,14.0,250.0,25.0,0.5,0.9,156.19195647190972
llda_fulltexts,15.0,250.0,25.0,0.7,0.1,100.39392807541351
llda_fulltexts,16.0,250.0,25.0,0.7,0.3,123.50394615824379
llda_fulltexts,17.0,250.0,25.0,0.7,0.5,138.99477117504142
llda_fulltexts,18.0,250.0,25.0,0.7,0.7,
llda_fulltexts,19.0,250.0,25.0,0.7,0.9,158.45982558400829
llda_fulltexts,20.0,250.0,25.0,0.9,0.1,100.86886880642537
llda_fulltexts,21.0,250.0,25.0,0.9,0.3,122.76802737242555
llda_fulltexts,22.0,250.0,25.0,0.9,0.5,141.00628312044108
llda_fulltexts,23.0,250.0,25.0,0.9,0.7,151.17092486140115
llda_fulltexts,24.0,250.0,25.0,0.9,0.9,160.17427182971048
llda_fulltexts,25.0,250.0,50.0,0.1,0.1,99.67637642907108
llda_fulltexts,26.0,250.0,50.0,0.1,0.3,118.79221755031341
llda_fulltexts,27.0,250.0,50.0,0.1,0.5,128.2488069960402
llda_fulltexts,28.0,250.0,50.0,0.1,0.7,136.12666302471848
llda_fulltexts,29.0,250.0,50.0,0.1,0.9,
llda_fulltexts,30.0,250.0,50.0,0.3,0.1,98.12477271954194
llda_fulltexts,31.0,250.0,50.0,0.3,0.3,119.73858011241549
llda_fulltexts,32.0,250.0,50.0,0.3,0.5,133.88997870380166
llda_fulltexts,33.0,250.0,50.0,0.3,0.7,143.9861133215623
llda_fulltexts,34.0,250.0,50.0,0.3,0.9,149.50595278135455
llda_fulltexts,35.0,250.0,50.0,0.5,0.1,98.58537316445202
llda_fulltexts,36.0,250.0,50.0,0.5,0.3,122.0423415105676
llda_fulltexts,37.0,250.0,50.0,0.5,0.5,136.49135478144314
llda_fulltexts,38.0,250.0,50.0,0.5,0.7,145.60343808309167
llda_fulltexts,39.0,250.0,50.0,0.5,0.9,153.85485302922532
llda_fulltexts,40.0,250.0,50.0,0.7,0.1,100.39392807541351
llda_fulltexts,41.0,250.0,50.0,0.7,0.3,122.11803941760004
llda_fulltexts,42.0,250.0,50.0,0.7,0.5,138.43087285610792
llda_fulltexts,43.0,250.0,50.0,0.7,0.7,149.70269292167362
llda_fulltexts,44.0,250.0,50.0,0.7,0.9,158.09457606037932
llda_fulltexts,45.0,250.0,50.0,0.9,0.1,100.86886880642537
llda_fulltexts,46.0,250.0,50.0,0.9,0.3,123.07720099776778
llda_fulltexts,47.0,250.0,50.0,0.9,0.5,141.00628312044108
llda_fulltexts,48.0,250.0,50.0,0.9,0.7,151.39159403386006
llda_fulltexts,49.0,250.0,50.0,0.9,0.9,160.5424965230267
llda_fulltexts,50.0,250.0,100.0,0.1,0.1,98.45160052815355
llda_fulltexts,51.0,250.0,100.0,0.1,0.3,118.79221755031341
llda_fulltexts,52.0,250.0,100.0,0.1,0.5,127.78894525782879
llda_fulltexts,53.0,250.0,100.0,0.1,0.7,136.71542303362486
llda_fulltexts,54.0,250.0,100.0,0.1,0.9,146.51729812991482
llda_fulltexts,55.0,250.0,100.0,0.3,0.1,97.72682322963271
llda_fulltexts,56.0,250.0,100.0,0.3,0.3,120.21416437747864
llda_fulltexts,57.0,250.0,100.0,0.3,0.5,
llda_fulltexts,58.0,250.0,100.0,0.3,0.7,142.99562582664663
llda_fulltexts,59.0,250.0,100.0,0.3,0.9,149.7297341355968
llda_fulltexts,60.0,250.0,100.0,0.5,0.1,99.51396235707914
llda_fulltexts,61.0,250.0,100.0,0.5,0.3,122.0423415105676
llda_fulltexts,62.0,250.0,100.0,0.5,0.5,135.40126955442202
llda_fulltexts,63.0,250.0,100.0,0.5,0.7,146.9885517230229
llda_fulltexts,64.0,250.0,100.0,0.5,0.9,154.09760789301114
llda_fulltexts,65.0,250.0,100.0,0.7,0.1,100.39392807541351
llda_fulltexts,66.0,250.0,100.0,0.7,0.3,123.0504906695639
llda_fulltexts,67.0,250.0,100.0,0.7,0.5,137.54153909754515
llda_fulltexts,68.0,250.0,100.0,0.7,0.7,150.4481948481409
llda_fulltexts,69.0,250.0,100.0,0.7,0.9,158.57045152640382
llda_fulltexts,70.0,250.0,100.0,0.9,0.1,100.86886880642537
llda_fulltexts,71.0,250.0,100.0,0.9,0.3,123.4733075989234
llda_fulltexts,72.0,250.0,100.0,0.9,0.5,141.00628312044108
llda_fulltexts,73.0,250.0,100.0,0.9,0.7,151.4346520069785
llda_fulltexts,74.0,250.0,100.0,0.9,0.9,161.5282354601543
llda_fulltexts,75.0,250.0,200.0,0.1,0.1,98.45160052815355
llda_fulltexts,76.0,250.0,200.0,0.1,0.3,118.79221755031341
llda_fulltexts,77.0,250.0,200.0,0.1,0.5,127.78894525782879
llda_fulltexts,78.0,250.0,200.0,0.1,0.7,136.71542303362486
llda_fulltexts,79.0,250.0,200.0,0.1,0.9,146.51729812991482
llda_fulltexts,80.0,250.0,200.0,0.3,0.1,97.72682322963271
llda_fulltexts,81.0,250.0,200.0,0.3,0.3,120.21416437747864
llda_fulltexts,82.0,250.0,200.0,0.3,0.5,131.96502790748062
llda_fulltexts,83.0,250.0,200.0,0.3,0.7,142.99562582664663
llda_fulltexts,84.0,250.0,200.0,0.3,0.9,149.7297341355968
llda_fulltexts,85.0,250.0,200.0,0.5,0.1,99.1823260344058
llda_fulltexts,86.0,250.0,200.0,0.5,0.3,122.0423415105676
llda_fulltexts,87.0,250.0,200.0,0.5,0.5,135.40126955442202
llda_fulltexts,88.0,250.0,200.0,0.5,0.7,146.9885517230229
llda_fulltexts,89.0,250.0,200.0,0.5,0.9,154.264919106537
llda_fulltexts,90.0,250.0,200.0,0.7,0.1,100.39392807541351
llda_fulltexts,91.0,250.0,200.0,0.7,0.3,122.52137525500744
llda_fulltexts,92.0,250.0,200.0,0.7,0.5,137.54153909754515
llda_fulltexts,93.0,250.0,200.0,0.7,0.7,148.94375028800286
llda_fulltexts,94.0,250.0,200.0,0.7,0.9,158.27840978558757
llda_fulltexts,95.0,250.0,200.0,0.9,0.1,100.86886880642537
llda_fulltexts,96.0,250.0,200.0,0.9,0.3,123.4733075989234
llda_fulltexts,97.0,250.0,200.0,0.9,0.5,141.00628312044108
llda_fulltexts,98.0,250.0,200.0,0.9,0.7,151.4346520069785
llda_fulltexts,99.0,250.0,200.0,0.9,0.9,160.5872762428979
llda_fulltexts,100.0,1000.0,25.0,0.1,0.1,99.32699270779615
llda_fulltexts,101.0,1000.0,25.0,0.1,0.3,108.70051008120069
llda_fulltexts,102.0,1000.0,25.0,0.1,0.5,
llda_fulltexts,103.0,1000.0,25.0,0.1,0.7,
llda_fulltexts,104.0,1000.0,25.0,0.1,0.9,125.48147867754564
llda_fulltexts,105.0,1000.0,25.0,0.3,0.1,95.92037885726982
llda_fulltexts,106.0,1000.0,25.0,0.3,0.3,105.81490960536809
llda_fulltexts,107.0,1000.0,25.0,0.3,0.5,113.42114368532135
llda_fulltexts,108.0,1000.0,25.0,0.3,0.7,120.37123110619508
llda_fulltexts,109.0,1000.0,25.0,0.3,0.9,125.52321207848914
llda_fulltexts,110.0,1000.0,25.0,0.5,0.1,95.53781411158647
llda_fulltexts,111.0,1000.0,25.0,0.5,0.3,104.662407311913
llda_fulltexts,112.0,1000.0,25.0,0.5,0.5,112.953754243815
llda_fulltexts,113.0,1000.0,25.0,0.5,0.7,119.5675954106612
llda_fulltexts,114.0,1000.0,25.0,0.5,0.9,125.78851075428308
llda_fulltexts,115.0,1000.0,25.0,0.7,0.1,
llda_fulltexts,116.0,1000.0,25.0,0.7,0.3,104.60245259632977
llda_fulltexts,117.0,1000.0,25.0,0.7,0.5,112.24201628737008
llda_fulltexts,118.0,1000.0,25.0,0.7,0.7,119.29020347780865
llda_fulltexts,119.0,1000.0,25.0,0.7,0.9,125.33767606830406
llda_fulltexts,120.0,1000.0,25.0,0.9,0.1,
llda_fulltexts,121.0,1000.0,25.0,0.9,0.3,104.4911951337126
llda_fulltexts,122.0,1000.0,25.0,0.9,0.5,112.56624767881016
llda_fulltexts,123.0,1000.0,25.0,0.9,0.7,119.31658378821821
llda_fulltexts,124.0,1000.0,25.0,0.9,0.9,125.5064593134913
llda_fulltexts,125.0,1000.0,50.0,0.1,0.1,98.25512394454728
llda_fulltexts,126.0,1000.0,50.0,0.1,0.3,108.74529198577049
llda_fulltexts,127.0,1000.0,50.0,0.1,0.5,115.01935276259857
llda_fulltexts,128.0,1000.0,50.0,0.1,0.7,121.07614457089407
llda_fulltexts,129.0,1000.0,50.0,0.1,0.9,123.19808207351495
llda_fulltexts,130.0,1000.0,50.0,0.3,0.1,95.66770559383785
llda_fulltexts,131.0,1000.0,50.0,0.3,0.3,105.81490960536809
llda_fulltexts,132.0,1000.0,50.0,0.3,0.5,
llda_fulltexts,133.0,1000.0,50.0,0.3,0.7,
llda_fulltexts,134.0,1000.0,50.0,0.3,0.9,125.3640450252818
llda_fulltexts,135.0,1000.0,50.0,0.5,0.1,95.25730316337008
llda_fulltexts,136.0,1000.0,50.0,0.5,0.3,104.45459241959671
llda_fulltexts,137.0,1000.0,50.0,0.5,0.5,112.953754243815
llda_fulltexts,138.0,1000.0,50.0,0.5,0.7,119.43325438921688
llda_fulltexts,139.0,1000.0,50.0,0.5,0.9,125.03450897977035
llda_fulltexts,140.0,1000.0,50.0,0.7,0.1,95.48843731785931
llda_fulltexts,141.0,1000.0,50.0,0.7,0.3,104.60245259632977
llda_fulltexts,142.0,1000.0,50.0,0.7,0.5,
llda_fulltexts,143.0,1000.0,50.0,0.7,0.7,118.61822241767963
llda_fulltexts,144.0,1000.0,50.0,0.7,0.9,125.59305748325107
llda_fulltexts,145.0,1000.0,50.0,0.9,0.1,95.34565725984017
llda_fulltexts,146.0,1000.0,50.0,0.9,0.3,104.32913050031785
llda_fulltexts,147.0,1000.0,50.0,0.9,0.5,112.56624767881016
llda_fulltexts,148.0,1000.0,50.0,0.9,0.7,119.71283653151941
llda_fulltexts,149.0,1000.0,50.0,0.9,0.9,
llda_fulltexts,150.0,1000.0,100.0,0.1,0.1,98.25512394454728
llda_fulltexts,151.0,1000.0,100.0,0.1,0.3,108.74529198577049
llda_fulltexts,152.0,1000.0,100.0,0.1,0.5,115.01935276259857
llda_fulltexts,153.0,1000.0,100.0,0.1,0.7,121.07614457089407
llda_fulltexts,154.0,1000.0,100.0,0.1,0.9,123.19808207351495
llda_fulltexts,155.0,1000.0,100.0,0.3,0.1,95.39277988011057
llda_fulltexts,156.0,1000.0,100.0,0.3,0.3,105.81490960536809
llda_fulltexts,157.0,1000.0,100.0,0.3,0.5,113.28553674686485
llda_fulltexts,158.0,1000.0,100.0,0.3,0.7,120.14319149456881
llda_fulltexts,159.0,1000.0,100.0,0.3,0.9,125.3640450252818
llda_fulltexts,160.0,1000.0,100.0,0.5,0.1,95.25730316337008
llda_fulltexts,161.0,1000.0,100.0,0.5,0.3,104.45459241959671
llda_fulltexts,162.0,1000.0,100.0,0.5,0.5,112.953754243815
llda_fulltexts,163.0,1000.0,100.0,0.5,0.7,119.43325438921688
llda_fulltexts,164.0,1000.0,100.0,0.5,0.9,125.37209615344341
llda_fulltexts,165.0,1000.0,100.0,0.7,0.1,95.48843731785931
llda_fulltexts,166.0,1000.0,100.0,0.7,0.3,104.60245259632977
llda_fulltexts,167.0,1000.0,100.0,0.7,0.5,112.24201628737008
llda_fulltexts,168.0,1000.0,100.0,0.7,0.7,118.75550340603974
llda_fulltexts,169.0,1000.0,100.0,0.7,0.9,125.59305748325107
llda_fulltexts,170.0,1000.0,100.0,0.9,0.1,95.34565725984017
llda_fulltexts,171.0,1000.0,100.0,0.9,0.3,
llda_fulltexts,172.0,1000.0,100.0,0.9,0.5,112.56624767881016
llda_fulltexts,173.0,1000.0,100.0,0.9,0.7,119.71283653151941
llda_fulltexts,174.0,1000.0,100.0,0.9,0.9,125.8394453825557
llda_fulltexts,175.0,1000.0,200.0,0.1,0.1,98.25512394454728
llda_fulltexts,176.0,1000.0,200.0,0.1,0.3,108.74529198577049
llda_fulltexts,177.0,1000.0,200.0,0.1,0.5,115.01935276259857
llda_fulltexts,178.0,1000.0,200.0,0.1,0.7,121.07614457089407
llda_fulltexts,179.0,1000.0,200.0,0.1,0.9,123.19808207351495
llda_fulltexts,180.0,1000.0,200.0,0.3,0.1,95.39277988011057
llda_fulltexts,181.0,1000.0,200.0,0.3,0.3,
llda_fulltexts,182.0,1000.0,200.0,0.3,0.5,113.28553674686485
llda_fulltexts,183.0,1000.0,200.0,0.3,0.7,120.14319149456881
llda_fulltexts,184.0,1000.0,200.0,0.3,0.9,125.3640450252818
llda_fulltexts,185.0,1000.0,200.0,0.5,0.1,95.25730316337008
llda_fulltexts,186.0,1000.0,200.0,0.5,0.3,104.45459241959671
llda_fulltexts,187.0,1000.0,200.0,0.5,0.5,112.953754243815
llda_fulltexts,188.0,1000.0,200.0,0.5,0.7,119.43325438921688
llda_fulltexts,189.0,1000.0,200.0,0.5,0.9,125.37209615344341
llda_fulltexts,190.0,1000.0,200.0,0.7,0.1,95.48843731785931
llda_fulltexts,191.0,1000.0,200.0,0.7,0.3,104.60245259632977
llda_fulltexts,192.0,1000.0,200.0,0.7,0.5,112.24201628737008
llda_fulltexts,193.0,1000.0,200.0,0.7,0.7,118.75550340603974
llda_fulltexts,194.0,1000.0,200.0,0.7,0.9,125.59305748325107
llda_fulltexts,195.0,1000.0,200.0,0.9,0.1,95.34565725984017
llda_fulltexts,196.0,1000.0,200.0,0.9,0.3,104.32913050031785
llda_fulltexts,197.0,1000.0,200.0,0.9,0.5,112.56624767881016
llda_fulltexts,198.0,1000.0,200.0,0.9,0.7,119.71283653151941
llda_fulltexts,199.0,1000.0,200.0,0.9,0.9,125.8394453825557
llda_fulltexts,200.0,2000.0,25.0,0.1,0.1,100.86528338384115
llda_fulltexts,201.0,2000.0,25.0,0.1,0.3,106.70096156022869
llda_fulltexts,202.0,2000.0,25.0,0.1,0.5,112.23384503894569
llda_fulltexts,203.0,2000.0,25.0,0.1,0.7,116.02658346717571
llda_fulltexts,204.0,2000.0,25.0,0.1,0.9,119.75445028625185
llda_fulltexts,205.0,2000.0,25.0,0.3,0.1,97.34926639097687
llda_fulltexts,206.0,2000.0,25.0,0.3,0.3,103.21075445864
llda_fulltexts,207.0,2000.0,25.0,0.3,0.5,107.39411386316685
llda_fulltexts,208.0,2000.0,25.0,0.3,0.7,112.13817186948546
llda_fulltexts,209.0,2000.0,25.0,0.3,0.9,116.14891592058676
llda_fulltexts,210.0,2000.0,25.0,0.5,0.1,95.99244060828173
llda_fulltexts,211.0,2000.0,25.0,0.5,0.3,102.14664627266173
llda_fulltexts,212.0,2000.0,25.0,0.5,0.5,106.1667993211273
llda_fulltexts,213.0,2000.0,25.0,0.5,0.7,110.91289309214665
llda_fulltexts,214.0,2000.0,25.0,0.5,0.9,114.94285919090085
llda_fulltexts,215.0,2000.0,25.0,0.7,0.1,96.33571380196415
llda_fulltexts,216.0,2000.0,25.0,0.7,0.3,101.77805743234973
llda_fulltexts,217.0,2000.0,25.0,0.7,0.5,106.05578354356476
llda_fulltexts,218.0,2000.0,25.0,0.7,0.7,110.22184384119429
llda_fulltexts,219.0,2000.0,25.0,0.7,0.9,114.01739622436752
llda_fulltexts,220.0,2000.0,25.0,0.9,0.1,95.93537457297668
llda_fulltexts,221.0,2000.0,25.0,0.9,0.3,101.04666129110552
llda_fulltexts,222.0,2000.0,25.0,0.9,0.5,106.26427523346806
llda_fulltexts,223.0,2000.0,25.0,0.9,0.7,110.05446774738462
llda_fulltexts,224.0,2000.0,25.0,0.9,0.9,114.1285126496184
llda_fulltexts,225.0,2000.0,50.0,0.1,0.1,100.18211272783589
llda_fulltexts,226.0,2000.0,50.0,0.1,0.3,105.69878635497628
llda_fulltexts,227.0,2000.0,50.0,0.1,0.5,111.64791854198627
llda_fulltexts,228.0,2000.0,50.0,0.1,0.7,115.3757484882512
llda_fulltexts,229.0,2000.0,50.0,0.1,0.9,119.75445028625185
llda_fulltexts,230.0,2000.0,50.0,0.3,0.1,96.92092842421495
llda_fulltexts,231.0,2000.0,50.0,0.3,0.3,103.21075445864
llda_fulltexts,232.0,2000.0,50.0,0.3,0.5,107.36395512414506
llda_fulltexts,233.0,2000.0,50.0,0.3,0.7,112.10724028298293
llda_fulltexts,234.0,2000.0,50.0,0.3,0.9,116.18225610993231
llda_fulltexts,235.0,2000.0,50.0,0.5,0.1,95.56477989939287
llda_fulltexts,236.0,2000.0,50.0,0.5,0.3,102.14664627266173
llda_fulltexts,237.0,2000.0,50.0,0.5,0.5,106.17988188070524
llda_fulltexts,238.0,2000.0,50.0,0.5,0.7,110.67582596209002
llda_fulltexts,239.0,2000.0,50.0,0.5,0.9,114.94285919090085
llda_fulltexts,240.0,2000.0,50.0,0.7,0.1,96.33571380196415
llda_fulltexts,241.0,2000.0,50.0,0.7,0.3,101.77805743234973
llda_fulltexts,242.0,2000.0,50.0,0.7,0.5,106.05578354356476
llda_fulltexts,243.0,2000.0,50.0,0.7,0.7,109.99914483075693
llda_fulltexts,244.0,2000.0,50.0,0.7,0.9,114.2987974537702
llda_fulltexts,245.0,2000.0,50.0,0.9,0.1,95.71112783545117
llda_fulltexts,246.0,2000.0,50.0,0.9,0.3,100.99094658564213
llda_fulltexts,247.0,2000.0,50.0,0.9,0.5,106.26427523346806
llda_fulltexts,248.0,2000.0,50.0,0.9,0.7,110.05446774738462
llda_fulltexts,249.0,2000.0,50.0,0.9,0.9,114.1285126496184
llda_fulltexts,250.0,2000.0,100.0,0.1,0.1,99.38625366947329
llda_fulltexts,251.0,2000.0,100.0,0.1,0.3,105.67063067048555
llda_fulltexts,252.0,2000.0,100.0,0.1,0.5,111.64791854198627
llda_fulltexts,253.0,2000.0,100.0,0.1,0.7,114.7823189076072
llda_fulltexts,254.0,2000.0,100.0,0.1,0.9,119.75445028625185
llda_fulltexts,255.0,2000.0,100.0,0.3,0.1,96.92092842421495
llda_fulltexts,256.0,2000.0,100.0,0.3,0.3,103.21075445864
llda_fulltexts,257.0,2000.0,100.0,0.3,0.5,107.36395512414506
llda_fulltexts,258.0,2000.0,100.0,0.3,0.7,112.10724028298293
llda_fulltexts,259.0,2000.0,100.0,0.3,0.9,116.15262549723379
llda_fulltexts,260.0,2000.0,100.0,0.5,0.1,95.4735721736833
llda_fulltexts,261.0,2000.0,100.0,0.5,0.3,102.14664627266173
llda_fulltexts,262.0,2000.0,100.0,0.5,0.5,106.17988188070524
llda_fulltexts,263.0,2000.0,100.0,0.5,0.7,110.67582596209002
llda_fulltexts,264.0,2000.0,100.0,0.5,0.9,114.94285919090085
llda_fulltexts,265.0,2000.0,100.0,0.7,0.1,96.33571380196415
llda_fulltexts,266.0,2000.0,100.0,0.7,0.3,101.77805743234973
llda_fulltexts,267.0,2000.0,100.0,0.7,0.5,106.05578354356476
llda_fulltexts,268.0,2000.0,100.0,0.7,0.7,109.99914483075693
llda_fulltexts,269.0,2000.0,100.0,0.7,0.9,114.13077508042204
llda_fulltexts,270.0,2000.0,100.0,0.9,0.1,95.71112783545117
llda_fulltexts,271.0,2000.0,100.0,0.9,0.3,100.99094658564213
llda_fulltexts,272.0,2000.0,100.0,0.9,0.5,106.26427523346806
llda_fulltexts,273.0,2000.0,100.0,0.9,0.7,110.05446774738462
llda_fulltexts,274.0,2000.0,100.0,0.9,0.9,
llda_fulltexts,275.0,2000.0,200.0,0.1,0.1,99.38625366947329
llda_fulltexts,276.0,2000.0,200.0,0.1,0.3,105.67063067048555
llda_fulltexts,277.0,2000.0,200.0,0.1,0.5,111.64791854198627
llda_fulltexts,278.0,2000.0,200.0,0.1,0.7,114.7823189076072
llda_fulltexts,279.0,2000.0,200.0,0.1,0.9,119.75445028625185
llda_fulltexts,280.0,2000.0,200.0,0.3,0.1,96.92092842421495
llda_fulltexts,281.0,2000.0,200.0,0.3,0.3,103.21075445864
llda_fulltexts,282.0,2000.0,200.0,0.3,0.5,107.36395512414506
llda_fulltexts,283.0,2000.0,200.0,0.3,0.7,112.10724028298293
llda_fulltexts,284.0,2000.0,200.0,0.3,0.9,116.15262549723379
llda_fulltexts,285.0,2000.0,200.0,0.5,0.1,95.4735721736833
llda_fulltexts,286.0,2000.0,200.0,0.5,0.3,102.14664627266173
llda_fulltexts,287.0,2000.0,200.0,0.5,0.5,106.17988188070524
llda_fulltexts,288.0,2000.0,200.0,0.5,0.7,110.67582596209002
llda_fulltexts,289.0,2000.0,200.0,0.5,0.9,114.94285919090085
llda_fulltexts,290.0,2000.0,200.0,0.7,0.1,
llda_fulltexts,291.0,2000.0,200.0,0.7,0.3,101.77805743234973
llda_fulltexts,292.0,2000.0,200.0,0.7,0.5,106.05578354356476
llda_fulltexts,293.0,2000.0,200.0,0.7,0.7,109.99914483075693
llda_fulltexts,294.0,2000.0,200.0,0.7,0.9,114.13077508042204
llda_fulltexts,295.0,2000.0,200.0,0.9,0.1,95.71112783545117
llda_fulltexts,296.0,2000.0,200.0,0.9,0.3,100.99094658564213
llda_fulltexts,297.0,2000.0,200.0,0.9,0.5,106.26427523346806
llda_fulltexts,298.0,2000.0,200.0,0.9,0.7,110.05446774738462
llda_fulltexts,299.0,2000.0,200.0,0.9,0.9,114.1285126496184
llda_fulltexts,300.0,3000.0,25.0,0.1,0.1,102.05094589207584
llda_fulltexts,301.0,3000.0,25.0,0.1,0.3,105.88679144796714
llda_fulltexts,302.0,3000.0,25.0,0.1,0.5,109.75040518264132
llda_fulltexts,303.0,3000.0,25.0,0.1,0.7,112.78848022118076
llda_fulltexts,304.0,3000.0,25.0,0.1,0.9,115.74070086267821
llda_fulltexts,305.0,3000.0,25.0,0.3,0.1,97.18343276499412
llda_fulltexts,306.0,3000.0,25.0,0.3,0.3,101.1809385252265
llda_fulltexts,307.0,3000.0,25.0,0.3,0.5,105.16137722542223
llda_fulltexts,308.0,3000.0,25.0,0.3,0.7,108.06564238434684
llda_fulltexts,309.0,3000.0,25.0,0.3,0.9,110.83510459024623
llda_fulltexts,310.0,3000.0,25.0,0.5,0.1,96.11838206674066
llda_fulltexts,311.0,3000.0,25.0,0.5,0.3,99.66356707405157
llda_fulltexts,312.0,3000.0,25.0,0.5,0.5,103.37401392510799
llda_fulltexts,313.0,3000.0,25.0,0.5,0.7,106.22922378736178
llda_fulltexts,314.0,3000.0,25.0,0.5,0.9,109.33583154202772
llda_fulltexts,315.0,3000.0,25.0,0.7,0.1,96.32983309803885
llda_fulltexts,316.0,3000.0,25.0,0.7,0.3,99.52440617463469
llda_fulltexts,317.0,3000.0,25.0,0.7,0.5,102.6335073195934
llda_fulltexts,318.0,3000.0,25.0,0.7,0.7,105.89454617426456
llda_fulltexts,319.0,3000.0,25.0,0.7,0.9,108.78085106013121
llda_fulltexts,320.0,3000.0,25.0,0.9,0.1,95.68788439425646
llda_fulltexts,321.0,3000.0,25.0,0.9,0.3,99.40897411305923
llda_fulltexts,322.0,3000.0,25.0,0.9,0.5,102.37056600833128
llda_fulltexts,323.0,3000.0,25.0,0.9,0.7,105.57896344326458
llda_fulltexts,324.0,3000.0,25.0,0.9,0.9,108.33733026722992
llda_fulltexts,325.0,3000.0,50.0,0.1,0.1,102.05094589207584
llda_fulltexts,326.0,3000.0,50.0,0.1,0.3,104.86562148149008
llda_fulltexts,327.0,3000.0,50.0,0.1,0.5,109.46831325043621
llda_fulltexts,328.0,3000.0,50.0,0.1,0.7,112.57733861271484
llda_fulltexts,329.0,3000.0,50.0,0.1,0.9,115.28955621467337
llda_fulltexts,330.0,3000.0,50.0,0.3,0.1,96.51744533701121
llda_fulltexts,331.0,3000.0,50.0,0.3,0.3,100.79518646617744
llda_fulltexts,332.0,3000.0,50.0,0.3,0.5,105.16137722542223
llda_fulltexts,333.0,3000.0,50.0,0.3,0.7,107.71600907981713
llda_fulltexts,334.0,3000.0,50.0,0.3,0.9,110.83510459024623
llda_fulltexts,335.0,3000.0,50.0,0.5,0.1,96.08732333126301
llda_fulltexts,336.0,3000.0,50.0,0.5,0.3,99.66356707405157
llda_fulltexts,337.0,3000.0,50.0,0.5,0.5,103.37401392510799
llda_fulltexts,338.0,3000.0,50.0,0.5,0.7,106.20401655304373
llda_fulltexts,339.0,3000.0,50.0,0.5,0.9,109.45590817121666
llda_fulltexts,340.0,3000.0,50.0,0.7,0.1,96.32983309803885
llda_fulltexts,341.0,3000.0,50.0,0.7,0.3,99.52440617463469
llda_fulltexts,342.0,3000.0,50.0,0.7,0.5,102.64073001925144
llda_fulltexts,343.0,3000.0,50.0,0.7,0.7,105.8204895323062
llda_fulltexts,344.0,3000.0,50.0,0.7,0.9,108.71650393130682
llda_fulltexts,345.0,3000.0,50.0,0.9,0.1,95.68788439425646
llda_fulltexts,346.0,3000.0,50.0,0.9,0.3,99.40897411305923
llda_fulltexts,347.0,3000.0,50.0,0.9,0.5,102.62350396702469
llda_fulltexts,348.0,3000.0,50.0,0.9,0.7,105.57896344326458
llda_fulltexts,349.0,3000.0,50.0,0.9,0.9,108.45504773865595
llda_fulltexts,350.0,3000.0,100.0,0.1,0.1,102.05094589207584
llda_fulltexts,351.0,3000.0,100.0,0.1,0.3,104.34394166234422
llda_fulltexts,352.0,3000.0,100.0,0.1,0.5,109.46831325043621
llda_fulltexts,353.0,3000.0,100.0,0.1,0.7,112.57733861271484
llda_fulltexts,354.0,3000.0,100.0,0.1,0.9,115.28955621467337
llda_fulltexts,355.0,3000.0,100.0,0.3,0.1,96.40057716827124
llda_fulltexts,356.0,3000.0,100.0,0.3,0.3,100.61730982451591
llda_fulltexts,357.0,3000.0,100.0,0.3,0.5,105.16137722542223
llda_fulltexts,358.0,3000.0,100.0,0.3,0.7,107.71600907981713
llda_fulltexts,359.0,3000.0,100.0,0.3,0.9,110.83510459024623
llda_fulltexts,360.0,3000.0,100.0,0.5,0.1,96.08732333126301
llda_fulltexts,361.0,3000.0,100.0,0.5,0.3,99.66356707405157
llda_fulltexts,362.0,3000.0,100.0,0.5,0.5,103.37401392510799
llda_fulltexts,363.0,3000.0,100.0,0.5,0.7,106.20401655304373
llda_fulltexts,364.0,3000.0,100.0,0.5,0.9,109.45590817121666
llda_fulltexts,365.0,3000.0,100.0,0.7,0.1,96.32983309803885
llda_fulltexts,366.0,3000.0,100.0,0.7,0.3,99.52440617463469
llda_fulltexts,367.0,3000.0,100.0,0.7,0.5,102.28817393059616
llda_fulltexts,368.0,3000.0,100.0,0.7,0.7,105.8204895323062
llda_fulltexts,369.0,3000.0,100.0,0.7,0.9,108.74177099972977
llda_fulltexts,370.0,3000.0,100.0,0.9,0.1,95.68788439425646
llda_fulltexts,371.0,3000.0,100.0,0.9,0.3,99.40897411305923
llda_fulltexts,372.0,3000.0,100.0,0.9,0.5,102.62350396702469
llda_fulltexts,373.0,3000.0,100.0,0.9,0.7,105.57896344326458
llda_fulltexts,374.0,3000.0,100.0,0.9,0.9,108.45504773865595
llda_fulltexts,375.0,3000.0,200.0,0.1,0.1,102.05094589207584
llda_fulltexts,376.0,3000.0,200.0,0.1,0.3,104.34394166234422
llda_fulltexts,377.0,3000.0,200.0,0.1,0.5,109.46831325043621
llda_fulltexts,378.0,3000.0,200.0,0.1,0.7,112.57733861271484
llda_fulltexts,379.0,3000.0,200.0,0.1,0.9,115.28955621467337
llda_fulltexts,380.0,3000.0,200.0,0.3,0.1,96.40057716827124
llda_fulltexts,381.0,3000.0,200.0,0.3,0.3,100.61730982451591
llda_fulltexts,382.0,3000.0,200.0,0.3,0.5,105.16137722542223
llda_fulltexts,383.0,3000.0,200.0,0.3,0.7,107.71600907981713
llda_fulltexts,384.0,3000.0,200.0,0.3,0.9,110.83510459024623
llda_fulltexts,385.0,3000.0,200.0,0.5,0.1,96.08732333126301
llda_fulltexts,386.0,3000.0,200.0,0.5,0.3,99.66356707405157
llda_fulltexts,387.0,3000.0,200.0,0.5,0.5,103.37401392510799
llda_fulltexts,388.0,3000.0,200.0,0.5,0.7,106.20401655304373
llda_fulltexts,389.0,3000.0,200.0,0.5,0.9,109.45590817121666
llda_fulltexts,390.0,3000.0,200.0,0.7,0.1,96.32983309803885
llda_fulltexts,391.0,3000.0,200.0,0.7,0.3,99.52440617463469
llda_fulltexts,392.0,3000.0,200.0,0.7,0.5,102.28817393059616
llda_fulltexts,393.0,3000.0,200.0,0.7,0.7,105.8204895323062
llda_fulltexts,394.0,3000.0,200.0,0.7,0.9,108.74177099972977
llda_fulltexts,395.0,3000.0,200.0,0.9,0.1,95.68788439425646
llda_fulltexts,396.0,3000.0,200.0,0.9,0.3,99.40897411305923
llda_fulltexts,397.0,3000.0,200.0,0.9,0.5,102.62350396702469
llda_fulltexts,398.0,3000.0,200.0,0.9,0.7,105.57896344326458
llda_fulltexts,399.0,3000.0,200.0,0.9,0.9,
llda_fulltexts,400.0,12708.0,25.0,0.1,0.1,102.84432958879464
llda_fulltexts,401.0,12708.0,25.0,0.1,0.3,104.48198504835716
llda_fulltexts,402.0,12708.0,25.0,0.1,0.5,
llda_fulltexts,403.0,12708.0,25.0,0.1,0.7,
llda_fulltexts,404.0,12708.0,25.0,0.1,0.9,
llda_fulltexts,405.0,12708.0,25.0,0.3,0.1,
llda_fulltexts,406.0,12708.0,25.0,0.3,0.3,
llda_fulltexts,407.0,12708.0,25.0,0.3,0.5,
llda_fulltexts,408.0,12708.0,25.0,0.3,0.7,100.88040615577654
llda_fulltexts,409.0,12708.0,25.0,0.3,0.9,101.82872598949896
llda_fulltexts,410.0,12708.0,25.0,0.5,0.1,96.22276009463936
llda_fulltexts,411.0,12708.0,25.0,0.5,0.3,97.03754030715712
llda_fulltexts,412.0,12708.0,25.0,0.5,0.5,98.00265415275696
llda_fulltexts,413.0,12708.0,25.0,0.5,0.7,99.09166070204287
llda_fulltexts,414.0,12708.0,25.0,0.5,0.9,99.96505440754395
llda_fulltexts,415.0,12708.0,25.0,0.7,0.1,95.48753331082474
llda_fulltexts,416.0,12708.0,25.0,0.7,0.3,96.55521731379149
llda_fulltexts,417.0,12708.0,25.0,0.7,0.5,97.43873721762938
llda_fulltexts,418.0,12708.0,25.0,0.7,0.7,98.50514154857667
llda_fulltexts,419.0,12708.0,25.0,0.7,0.9,99.36469568359115
llda_fulltexts,420.0,12708.0,25.0,0.9,0.1,95.40045311763114
llda_fulltexts,421.0,12708.0,25.0,0.9,0.3,96.24635349411464
llda_fulltexts,422.0,12708.0,25.0,0.9,0.5,97.14207287560593
llda_fulltexts,423.0,12708.0,25.0,0.9,0.7,98.23172281738968
llda_fulltexts,424.0,12708.0,25.0,0.9,0.9,99.00039783979513
llda_fulltexts,425.0,12708.0,50.0,0.1,0.1,102.25974672435508
llda_fulltexts,426.0,12708.0,50.0,0.1,0.3,103.55889129598171
llda_fulltexts,427.0,12708.0,50.0,0.1,0.5,105.11562023212092
llda_fulltexts,428.0,12708.0,50.0,0.1,0.7,105.43235919639518
llda_fulltexts,429.0,12708.0,50.0,0.1,0.9,106.88432343836948
llda_fulltexts,430.0,12708.0,50.0,0.3,0.1,97.55062760879551
llda_fulltexts,431.0,12708.0,50.0,0.3,0.3,98.68416071993721
llda_fulltexts,432.0,12708.0,50.0,0.3,0.5,99.92844058123272
llda_fulltexts,433.0,12708.0,50.0,0.3,0.7,100.88040615577654
llda_fulltexts,434.0,12708.0,50.0,0.3,0.9,101.82872598949896
llda_fulltexts,435.0,12708.0,50.0,0.5,0.1,95.80215423178228
llda_fulltexts,436.0,12708.0,50.0,0.5,0.3,96.94033914467917
llda_fulltexts,437.0,12708.0,50.0,0.5,0.5,97.9527504551295
llda_fulltexts,438.0,12708.0,50.0,0.5,0.7,99.09166070204287
llda_fulltexts,439.0,12708.0,50.0,0.5,0.9,99.96505440754395
llda_fulltexts,440.0,12708.0,50.0,0.7,0.1,95.42006995305228
llda_fulltexts,441.0,12708.0,50.0,0.7,0.3,96.55521731379149
llda_fulltexts,442.0,12708.0,50.0,0.7,0.5,97.38033525358057
llda_fulltexts,443.0,12708.0,50.0,0.7,0.7,98.50514154857667
llda_fulltexts,444.0,12708.0,50.0,0.7,0.9,99.36469568359115
llda_fulltexts,445.0,12708.0,50.0,0.9,0.1,95.16632774635096
llda_fulltexts,446.0,12708.0,50.0,0.9,0.3,96.23786457288037
llda_fulltexts,447.0,12708.0,50.0,0.9,0.5,97.0512052651956
llda_fulltexts,448.0,12708.0,50.0,0.9,0.7,98.23172281738968
llda_fulltexts,449.0,12708.0,50.0,0.9,0.9,99.00039783979513
llda_fulltexts,450.0,12708.0,100.0,0.1,0.1,102.25974672435508
llda_fulltexts,451.0,12708.0,100.0,0.1,0.3,103.55889129598171
llda_fulltexts,452.0,12708.0,100.0,0.1,0.5,105.11562023212092
llda_fulltexts,453.0,12708.0,100.0,0.1,0.7,105.43235919639518
llda_fulltexts,454.0,12708.0,100.0,0.1,0.9,106.88432343836948
llda_fulltexts,455.0,12708.0,100.0,0.3,0.1,97.55062760879551
llda_fulltexts,456.0,12708.0,100.0,0.3,0.3,98.68416071993721
llda_fulltexts,457.0,12708.0,100.0,0.3,0.5,99.92844058123272
llda_fulltexts,458.0,12708.0,100.0,0.3,0.7,100.88040615577654
llda_fulltexts,459.0,12708.0,100.0,0.3,0.9,101.82872598949896
llda_fulltexts,460.0,12708.0,100.0,0.5,0.1,95.80215423178228
llda_fulltexts,461.0,12708.0,100.0,0.5,0.3,96.94033914467917
llda_fulltexts,462.0,12708.0,100.0,0.5,0.5,97.9527504551295
llda_fulltexts,463.0,12708.0,100.0,0.5,0.7,99.09166070204287
llda_fulltexts,464.0,12708.0,100.0,0.5,0.9,99.96505440754395
llda_fulltexts,465.0,12708.0,100.0,0.7,0.1,95.42006995305228
llda_fulltexts,466.0,12708.0,100.0,0.7,0.3,96.55521731379149
llda_fulltexts,467.0,12708.0,100.0,0.7,0.5,
llda_fulltexts,468.0,12708.0,100.0,0.7,0.7,98.50514154857667
llda_fulltexts,469.0,12708.0,100.0,0.7,0.9,99.36469568359115
llda_fulltexts,470.0,12708.0,100.0,0.9,0.1,95.16632774635096
llda_fulltexts,471.0,12708.0,100.0,0.9,0.3,96.23786457288037
llda_fulltexts,472.0,12708.0,100.0,0.9,0.5,97.0512052651956
llda_fulltexts,473.0,12708.0,100.0,0.9,0.7,98.23172281738968
llda_fulltexts,474.0,12708.0,100.0,0.9,0.9,99.00039783979513
llda_fulltexts,475.0,12708.0,200.0,0.1,0.1,102.20472749285962
llda_fulltexts,476.0,12708.0,200.0,0.1,0.3,103.55889129598171
llda_fulltexts,477.0,12708.0,200.0,0.1,0.5,105.11562023212092
llda_fulltexts,478.0,12708.0,200.0,0.1,0.7,105.43235919639518
llda_fulltexts,479.0,12708.0,200.0,0.1,0.9,106.88432343836948
llda_fulltexts,480.0,12708.0,200.0,0.3,0.1,97.55062760879551
llda_fulltexts,481.0,12708.0,200.0,0.3,0.3,98.68416071993721
llda_fulltexts,482.0,12708.0,200.0,0.3,0.5,99.92844058123272
llda_fulltexts,483.0,12708.0,200.0,0.3,0.7,100.88040615577654
llda_fulltexts,484.0,12708.0,200.0,0.3,0.9,101.82872598949896
llda_fulltexts,485.0,12708.0,200.0,0.5,0.1,95.80215423178228
llda_fulltexts,486.0,12708.0,200.0,0.5,0.3,96.94033914467917
llda_fulltexts,487.0,12708.0,200.0,0.5,0.5,97.9527504551295
llda_fulltexts,488.0,12708.0,200.0,0.5,0.7,99.09166070204287
llda_fulltexts,489.0,12708.0,200.0,0.5,0.9,99.96505440754395
llda_fulltexts,490.0,12708.0,200.0,0.7,0.1,95.42006995305228
llda_fulltexts,491.0,12708.0,200.0,0.7,0.3,96.55521731379149
llda_fulltexts,492.0,12708.0,200.0,0.7,0.5,97.38033525358057
llda_fulltexts,493.0,12708.0,200.0,0.7,0.7,98.50514154857667
llda_fulltexts,494.0,12708.0,200.0,0.7,0.9,99.36469568359115
llda_fulltexts,495.0,12708.0,200.0,0.9,0.1,95.16632774635096
llda_fulltexts,496.0,12708.0,200.0,0.9,0.3,96.23786457288037
llda_fulltexts,497.0,12708.0,200.0,0.9,0.5,97.0512052651956
llda_fulltexts,498.0,12708.0,200.0,0.9,0.7,98.23172281738968
llda_fulltexts,499.0,12708.0,200.0,0.9,0.9,99.00039783979513
llda_abstracts,0.0,250.0,25.0,0.1,0.1,35.618405197062046
llda_abstracts,1.0,250.0,25.0,0.1,0.3,56.279161479361385
llda_abstracts,2.0,250.0,25.0,0.1,0.5,75.29526212910443
llda_abstracts,3.0,250.0,25.0,0.1,0.7,86.67683880735359
llda_abstracts,4.0,250.0,25.0,0.1,0.9,
llda_abstracts,5.0,250.0,25.0,0.3,0.1,43.90891777649172
llda_abstracts,6.0,250.0,25.0,0.3,0.3,72.4128867525926
llda_abstracts,7.0,250.0,25.0,0.3,0.5,88.698385963298
llda_abstracts,8.0,250.0,25.0,0.3,0.7,101.19192074948143
llda_abstracts,9.0,250.0,25.0,0.3,0.9,112.93454945739326
llda_abstracts,10.0,250.0,25.0,0.5,0.1,49.83661547440028
llda_abstracts,11.0,250.0,25.0,0.5,0.3,77.41434548713914
llda_abstracts,12.0,250.0,25.0,0.5,0.5,98.56575643559557
llda_abstracts,13.0,250.0,25.0,0.5,0.7,110.14742010646187
llda_abstracts,14.0,250.0,25.0,0.5,0.9,118.14557361731592
llda_abstracts,15.0,250.0,25.0,0.7,0.1,56.68453481285204
llda_abstracts,16.0,250.0,25.0,0.7,0.3,83.82326422631421
llda_abstracts,17.0,250.0,25.0,0.7,0.5,100.98389070948488
llda_abstracts,18.0,250.0,25.0,0.7,0.7,113.81586135809813
llda_abstracts,19.0,250.0,25.0,0.7,0.9,122.7043505737763
llda_abstracts,20.0,250.0,25.0,0.9,0.1,57.55169182605786
llda_abstracts,21.0,250.0,25.0,0.9,0.3,85.41699426050133
llda_abstracts,22.0,250.0,25.0,0.9,0.5,102.16063979221552
llda_abstracts,23.0,250.0,25.0,0.9,0.7,114.07257273925585
llda_abstracts,24.0,250.0,25.0,0.9,0.9,121.91738738935196
llda_abstracts,25.0,250.0,50.0,0.1,0.1,35.618405197062046
llda_abstracts,26.0,250.0,50.0,0.1,0.3,58.912422059940006
llda_abstracts,27.0,250.0,50.0,0.1,0.5,70.51533460525562
llda_abstracts,28.0,250.0,50.0,0.1,0.7,86.67683880735359
llda_abstracts,29.0,250.0,50.0,0.1,0.9,94.66642924249493
llda_abstracts,30.0,250.0,50.0,0.3,0.1,43.67910380634858
llda_abstracts,31.0,250.0,50.0,0.3,0.3,72.83985404372756
llda_abstracts,32.0,250.0,50.0,0.3,0.5,86.92532005199791
llda_abstracts,33.0,250.0,50.0,0.3,0.7,101.5289715112722
llda_abstracts,34.0,250.0,50.0,0.3,0.9,108.49625338444528
llda_abstracts,35.0,250.0,50.0,0.5,0.1,51.52745476167322
llda_abstracts,36.0,250.0,50.0,0.5,0.3,78.6746251363607
llda_abstracts,37.0,250.0,50.0,0.5,0.5,95.85922634830112
llda_abstracts,38.0,250.0,50.0,0.5,0.7,108.13447170468882
llda_abstracts,39.0,250.0,50.0,0.5,0.9,118.254187589285
llda_abstracts,40.0,250.0,50.0,0.7,0.1,55.37696819269371
llda_abstracts,41.0,250.0,50.0,0.7,0.3,83.43043635705695
llda_abstracts,42.0,250.0,50.0,0.7,0.5,98.45590232524864
llda_abstracts,43.0,250.0,50.0,0.7,0.7,112.60612930432846
llda_abstracts,44.0,250.0,50.0,0.7,0.9,121.59824030243477
llda_abstracts,45.0,250.0,50.0,0.9,0.1,56.8000279822694
llda_abstracts,46.0,250.0,50.0,0.9,0.3,87.05755446874784
llda_abstracts,47.0,250.0,50.0,0.9,0.5,103.20098575043518
llda_abstracts,48.0,250.0,50.0,0.9,0.7,114.20848425656179
llda_abstracts,49.0,250.0,50.0,0.9,0.9,121.91738738935196
llda_abstracts,50.0,250.0,100.0,0.1,0.1,35.618405197062046
llda_abstracts,51.0,250.0,100.0,0.1,0.3,58.05280437152626
llda_abstracts,52.0,250.0,100.0,0.1,0.5,71.21770320366363
llda_abstracts,53.0,250.0,100.0,0.1,0.7,86.67683880735359
llda_abstracts,54.0,250.0,100.0,0.1,0.9,93.14461578644269
llda_abstracts,55.0,250.0,100.0,0.3,0.1,46.16837372400045
llda_abstracts,56.0,250.0,100.0,0.3,0.3,70.09562285907606
llda_abstracts,57.0,250.0,100.0,0.3,0.5,91.01388099111082
llda_abstracts,58.0,250.0,100.0,0.3,0.7,100.96830991059132
llda_abstracts,59.0,250.0,100.0,0.3,0.9,111.90535171678616
llda_abstracts,60.0,250.0,100.0,0.5,0.1,51.66555395959913
llda_abstracts,61.0,250.0,100.0,0.5,0.3,78.6746251363607
llda_abstracts,62.0,250.0,100.0,0.5,0.5,98.03892049974985
llda_abstracts,63.0,250.0,100.0,0.5,0.7,106.76119208245713
llda_abstracts,64.0,250.0,100.0,0.5,0.9,116.98868723857552
llda_abstracts,65.0,250.0,100.0,0.7,0.1,55.06026829697782
llda_abstracts,66.0,250.0,100.0,0.7,0.3,83.43043635705695
llda_abstracts,67.0,250.0,100.0,0.7,0.5,99.45124306388372
llda_abstracts,68.0,250.0,100.0,0.7,0.7,110.66547153614422
llda_abstracts,69.0,250.0,100.0,0.7,0.9,119.74216433585032
llda_abstracts,70.0,250.0,100.0,0.9,0.1,55.39736264188954
llda_abstracts,71.0,250.0,100.0,0.9,0.3,87.05755446874784
llda_abstracts,72.0,250.0,100.0,0.9,0.5,103.70370008395209
llda_abstracts,73.0,250.0,100.0,0.9,0.7,112.9211104245246
llda_abstracts,74.0,250.0,100.0,0.9,0.9,121.91738738935196
llda_abstracts,75.0,250.0,200.0,0.1,0.1,35.618405197062046
llda_abstracts,76.0,250.0,200.0,0.1,0.3,57.698610703282725
llda_abstracts,77.0,250.0,200.0,0.1,0.5,73.50649426781122
llda_abstracts,78.0,250.0,200.0,0.1,0.7,86.67683880735359
llda_abstracts,79.0,250.0,200.0,0.1,0.9,93.14461578644269
llda_abstracts,80.0,250.0,200.0,0.3,0.1,
llda_abstracts,81.0,250.0,200.0,0.3,0.3,71.67006463376718
llda_abstracts,82.0,250.0,200.0,0.3,0.5,88.10636099422703
llda_abstracts,83.0,250.0,200.0,0.3,0.7,100.96830991059132
llda_abstracts,84.0,250.0,200.0,0.3,0.9,111.90535171678616
llda_abstracts,85.0,250.0,200.0,0.5,0.1,51.51965275607458
llda_abstracts,86.0,250.0,200.0,0.5,0.3,78.6746251363607
llda_abstracts,87.0,250.0,200.0,0.5,0.5,93.80398903882204
llda_abstracts,88.0,250.0,200.0,0.5,0.7,107.64528133999443
llda_abstracts,89.0,250.0,200.0,0.5,0.9,117.37307404466827
llda_abstracts,90.0,250.0,200.0,0.7,0.1,52.89452910228582
llda_abstracts,91.0,250.0,200.0,0.7,0.3,83.43043635705695
llda_abstracts,92.0,250.0,200.0,0.7,0.5,99.45438269073492
llda_abstracts,93.0,250.0,200.0,0.7,0.7,111.7477307335718
llda_abstracts,94.0,250.0,200.0,0.7,0.9,119.0894887877235
llda_abstracts,95.0,250.0,200.0,0.9,0.1,
llda_abstracts,96.0,250.0,200.0,0.9,0.3,87.05755446874784
llda_abstracts,97.0,250.0,200.0,0.9,0.5,101.91714123201677
llda_abstracts,98.0,250.0,200.0,0.9,0.7,112.85647862780972
llda_abstracts,99.0,250.0,200.0,0.9,0.9,121.91738738935196
llda_abstracts,100.0,1000.0,25.0,0.1,0.1,34.081506440663965
llda_abstracts,101.0,1000.0,25.0,0.1,0.3,51.694114508655396
llda_abstracts,102.0,1000.0,25.0,0.1,0.5,
llda_abstracts,103.0,1000.0,25.0,0.1,0.7,
llda_abstracts,104.0,1000.0,25.0,0.1,0.9,84.47507023750411
llda_abstracts,105.0,1000.0,25.0,0.3,0.1,41.40627973149539
llda_abstracts,106.0,1000.0,25.0,0.3,0.3,59.88419818837836
llda_abstracts,107.0,1000.0,25.0,0.3,0.5,
llda_abstracts,108.0,1000.0,25.0,0.3,0.7,
llda_abstracts,109.0,1000.0,25.0,0.3,0.9,99.03406884889584
llda_abstracts,110.0,1000.0,25.0,0.5,0.1,46.69153454854495
llda_abstracts,111.0,1000.0,25.0,0.5,0.3,67.292763967762
llda_abstracts,112.0,1000.0,25.0,0.5,0.5,82.87160219922916
llda_abstracts,113.0,1000.0,25.0,0.5,0.7,96.09844420288395
llda_abstracts,114.0,1000.0,25.0,0.5,0.9,105.85382593013176
llda_abstracts,115.0,1000.0,25.0,0.7,0.1,49.247592525634154
llda_abstracts,116.0,1000.0,25.0,0.7,0.3,69.99957440275935
llda_abstracts,117.0,1000.0,25.0,0.7,0.5,87.45049423343215
llda_abstracts,118.0,1000.0,25.0,0.7,0.7,99.88745546954945
llda_abstracts,119.0,1000.0,25.0,0.7,0.9,109.27825297237352
llda_abstracts,120.0,1000.0,25.0,0.9,0.1,
llda_abstracts,121.0,1000.0,25.0,0.9,0.3,72.87941700351129
llda_abstracts,122.0,1000.0,25.0,0.9,0.5,88.84043737554049
llda_abstracts,123.0,1000.0,25.0,0.9,0.7,102.385772714602
llda_abstracts,124.0,1000.0,25.0,0.9,0.9,111.97517539316428
llda_abstracts,125.0,1000.0,50.0,0.1,0.1,33.83792844630105
llda_abstracts,126.0,1000.0,50.0,0.1,0.3,51.16502822253707
llda_abstracts,127.0,1000.0,50.0,0.1,0.5,63.68714960313096
llda_abstracts,128.0,1000.0,50.0,0.1,0.7,74.35258099888026
llda_abstracts,129.0,1000.0,50.0,0.1,0.9,82.52744068062503
llda_abstracts,130.0,1000.0,50.0,0.3,0.1,41.40627973149539
llda_abstracts,131.0,1000.0,50.0,0.3,0.3,59.88419818837836
llda_abstracts,132.0,1000.0,50.0,0.3,0.5,
llda_abstracts,133.0,1000.0,50.0,0.3,0.7,
llda_abstracts,134.0,1000.0,50.0,0.3,0.9,
llda_abstracts,135.0,1000.0,50.0,0.5,0.1,
llda_abstracts,136.0,1000.0,50.0,0.5,0.3,
llda_abstracts,137.0,1000.0,50.0,0.5,0.5,82.87160219922916
llda_abstracts,138.0,1000.0,50.0,0.5,0.7,94.42220680737472
llda_abstracts,139.0,1000.0,50.0,0.5,0.9,105.20181248549584
llda_abstracts,140.0,1000.0,50.0,0.7,0.1,48.802030354664964
llda_abstracts,141.0,1000.0,50.0,0.7,0.3,71.42453463318414
llda_abstracts,142.0,1000.0,50.0,0.7,0.5,85.96756543640745
llda_abstracts,143.0,1000.0,50.0,0.7,0.7,99.0228315662658
llda_abstracts,144.0,1000.0,50.0,0.7,0.9,
llda_abstracts,145.0,1000.0,50.0,0.9,0.1,51.1523093382041
llda_abstracts,146.0,1000.0,50.0,0.9,0.3,73.79532746406669
llda_abstracts,147.0,1000.0,50.0,0.9,0.5,89.93984514128981
llda_abstracts,148.0,1000.0,50.0,0.9,0.7,102.34541547899332
llda_abstracts,149.0,1000.0,50.0,0.9,0.9,113.210437671089
llda_abstracts,150.0,1000.0,100.0,0.1,0.1,33.25599227431549
llda_abstracts,151.0,1000.0,100.0,0.1,0.3,52.053181163252866
llda_abstracts,152.0,1000.0,100.0,0.1,0.5,63.68714960313096
llda_abstracts,153.0,1000.0,100.0,0.1,0.7,75.47328844118663
llda_abstracts,154.0,1000.0,100.0,0.1,0.9,
llda_abstracts,155.0,1000.0,100.0,0.3,0.1,41.40627973149539
llda_abstracts,156.0,1000.0,100.0,0.3,0.3,59.88419818837836
llda_abstracts,157.0,1000.0,100.0,0.3,0.5,76.48669005531174
llda_abstracts,158.0,1000.0,100.0,0.3,0.7,87.72809911400147
llda_abstracts,159.0,1000.0,100.0,0.3,0.9,98.00550340017796
llda_abstracts,160.0,1000.0,100.0,0.5,0.1,46.69153454854495
llda_abstracts,161.0,1000.0,100.0,0.5,0.3,66.6487772513155
llda_abstracts,162.0,1000.0,100.0,0.5,0.5,82.87160219922916
llda_abstracts,163.0,1000.0,100.0,0.5,0.7,94.51484117291278
llda_abstracts,164.0,1000.0,100.0,0.5,0.9,105.20181248549584
llda_abstracts,165.0,1000.0,100.0,0.7,0.1,48.44695307209676
llda_abstracts,166.0,1000.0,100.0,0.7,0.3,70.54969941282128
llda_abstracts,167.0,1000.0,100.0,0.7,0.5,87.0366791825321
llda_abstracts,168.0,1000.0,100.0,0.7,0.7,99.86481917842896
llda_abstracts,169.0,1000.0,100.0,0.7,0.9,110.4787753664834
llda_abstracts,170.0,1000.0,100.0,0.9,0.1,51.57016314693831
llda_abstracts,171.0,1000.0,100.0,0.9,0.3,
llda_abstracts,172.0,1000.0,100.0,0.9,0.5,90.64162605149166
llda_abstracts,173.0,1000.0,100.0,0.9,0.7,103.09099048346714
llda_abstracts,174.0,1000.0,100.0,0.9,0.9,112.6081059288661
llda_abstracts,175.0,1000.0,200.0,0.1,0.1,33.59976689409862
llda_abstracts,176.0,1000.0,200.0,0.1,0.3,49.87220780867422
llda_abstracts,177.0,1000.0,200.0,0.1,0.5,63.68714960313096
llda_abstracts,178.0,1000.0,200.0,0.1,0.7,75.47328844118663
llda_abstracts,179.0,1000.0,200.0,0.1,0.9,81.98490772377606
llda_abstracts,180.0,1000.0,200.0,0.3,0.1,41.40627973149539
llda_abstracts,181.0,1000.0,200.0,0.3,0.3,59.88419818837836
llda_abstracts,182.0,1000.0,200.0,0.3,0.5,76.48669005531174
llda_abstracts,183.0,1000.0,200.0,0.3,0.7,87.72809911400147
llda_abstracts,184.0,1000.0,200.0,0.3,0.9,101.48669916846006
llda_abstracts,185.0,1000.0,200.0,0.5,0.1,46.69153454854495
llda_abstracts,186.0,1000.0,200.0,0.5,0.3,
llda_abstracts,187.0,1000.0,200.0,0.5,0.5,82.87160219922916
llda_abstracts,188.0,1000.0,200.0,0.5,0.7,94.51484117291278
llda_abstracts,189.0,1000.0,200.0,0.5,0.9,105.20181248549584
llda_abstracts,190.0,1000.0,200.0,0.7,0.1,
llda_abstracts,191.0,1000.0,200.0,0.7,0.3,70.07049884066113
llda_abstracts,192.0,1000.0,200.0,0.7,0.5,87.0366791825321
llda_abstracts,193.0,1000.0,200.0,0.7,0.7,99.86481917842896
llda_abstracts,194.0,1000.0,200.0,0.7,0.9,110.4787753664834
llda_abstracts,195.0,1000.0,200.0,0.9,0.1,51.57016314693831
llda_abstracts,196.0,1000.0,200.0,0.9,0.3,73.78492190990161
llda_abstracts,197.0,1000.0,200.0,0.9,0.5,89.08531644238113
llda_abstracts,198.0,1000.0,200.0,0.9,0.7,102.73239687813722
llda_abstracts,199.0,1000.0,200.0,0.9,0.9,112.6081059288661
llda_abstracts,200.0,2000.0,25.0,0.1,0.1,34.62091936091194
llda_abstracts,201.0,2000.0,25.0,0.1,0.3,
llda_abstracts,202.0,2000.0,25.0,0.1,0.5,58.94019634423731
llda_abstracts,203.0,2000.0,25.0,0.1,0.7,
llda_abstracts,204.0,2000.0,25.0,0.1,0.9,75.56486355039591
llda_abstracts,205.0,2000.0,25.0,0.3,0.1,39.88189248742293
llda_abstracts,206.0,2000.0,25.0,0.3,0.3,53.62562815822999
llda_abstracts,207.0,2000.0,25.0,0.3,0.5,66.53072613769663
llda_abstracts,208.0,2000.0,25.0,0.3,0.7,76.55953171094197
llda_abstracts,209.0,2000.0,25.0,0.3,0.9,86.15185647079515
llda_abstracts,210.0,2000.0,25.0,0.5,0.1,
llda_abstracts,211.0,2000.0,25.0,0.5,0.3,58.635888809431144
llda_abstracts,212.0,2000.0,25.0,0.5,0.5,
llda_abstracts,213.0,2000.0,25.0,0.5,0.7,82.65793351142459
llda_abstracts,214.0,2000.0,25.0,0.5,0.9,
llda_abstracts,215.0,2000.0,25.0,0.7,0.1,48.451762439123485
llda_abstracts,216.0,2000.0,25.0,0.7,0.3,63.431440713903505
llda_abstracts,217.0,2000.0,25.0,0.7,0.5,75.42814052650367
llda_abstracts,218.0,2000.0,25.0,0.7,0.7,87.75725376786082
llda_abstracts,219.0,2000.0,25.0,0.7,0.9,96.11709760628632
llda_abstracts,220.0,2000.0,25.0,0.9,0.1,50.928094040804616
llda_abstracts,221.0,2000.0,25.0,0.9,0.3,65.35080116679464
llda_abstracts,222.0,2000.0,25.0,0.9,0.5,79.59085752687241
llda_abstracts,223.0,2000.0,25.0,0.9,0.7,90.71674010082188
llda_abstracts,224.0,2000.0,25.0,0.9,0.9,99.16378600911287
llda_abstracts,225.0,2000.0,50.0,0.1,0.1,
llda_abstracts,226.0,2000.0,50.0,0.1,0.3,46.38370362664558
llda_abstracts,227.0,2000.0,50.0,0.1,0.5,56.853577840507356
llda_abstracts,228.0,2000.0,50.0,0.1,0.7,66.22982717822735
llda_abstracts,229.0,2000.0,50.0,0.1,0.9,73.58734450353293
llda_abstracts,230.0,2000.0,50.0,0.3,0.1,39.215242002205095
llda_abstracts,231.0,2000.0,50.0,0.3,0.3,
llda_abstracts,232.0,2000.0,50.0,0.3,0.5,66.53072613769663
llda_abstracts,233.0,2000.0,50.0,0.3,0.7,78.23338616761298
llda_abstracts,234.0,2000.0,50.0,0.3,0.9,85.2053009338737
llda_abstracts,235.0,2000.0,50.0,0.5,0.1,43.86585034706407
llda_abstracts,236.0,2000.0,50.0,0.5,0.3,
llda_abstracts,237.0,2000.0,50.0,0.5,0.5,72.97821037738646
llda_abstracts,238.0,2000.0,50.0,0.5,0.7,82.66406265401504
llda_abstracts,239.0,2000.0,50.0,0.5,0.9,91.21790016017721
llda_abstracts,240.0,2000.0,50.0,0.7,0.1,48.451762439123485
llda_abstracts,241.0,2000.0,50.0,0.7,0.3,63.09171532402093
llda_abstracts,242.0,2000.0,50.0,0.7,0.5,75.22000064061571
llda_abstracts,243.0,2000.0,50.0,0.7,0.7,85.98662786648138
llda_abstracts,244.0,2000.0,50.0,0.7,0.9,96.56912418362715
llda_abstracts,245.0,2000.0,50.0,0.9,0.1,50.41078641963701
llda_abstracts,246.0,2000.0,50.0,0.9,0.3,65.96002035792844
llda_abstracts,247.0,2000.0,50.0,0.9,0.5,79.22569419957044
llda_abstracts,248.0,2000.0,50.0,0.9,0.7,89.04400593754455
llda_abstracts,249.0,2000.0,50.0,0.9,0.9,99.39536624398926
llda_abstracts,250.0,2000.0,100.0,0.1,0.1,34.39636836957415
llda_abstracts,251.0,2000.0,100.0,0.1,0.3,46.38370362664558
llda_abstracts,252.0,2000.0,100.0,0.1,0.5,56.67494620640892
llda_abstracts,253.0,2000.0,100.0,0.1,0.7,67.22773892789483
llda_abstracts,254.0,2000.0,100.0,0.1,0.9,74.26457140332266
llda_abstracts,255.0,2000.0,100.0,0.3,0.1,39.215242002205095
llda_abstracts,256.0,2000.0,100.0,0.3,0.3,53.62562815822999
llda_abstracts,257.0,2000.0,100.0,0.3,0.5,66.53072613769663
llda_abstracts,258.0,2000.0,100.0,0.3,0.7,76.27314846057257
llda_abstracts,259.0,2000.0,100.0,0.3,0.9,85.14066457922691
llda_abstracts,260.0,2000.0,100.0,0.5,0.1,44.236920329769795
llda_abstracts,261.0,2000.0,100.0,0.5,0.3,60.2970335604469
llda_abstracts,262.0,2000.0,100.0,0.5,0.5,71.98347922240741
llda_abstracts,263.0,2000.0,100.0,0.5,0.7,83.17766263430865
llda_abstracts,264.0,2000.0,100.0,0.5,0.9,90.98957081604479
llda_abstracts,265.0,2000.0,100.0,0.7,0.1,48.451762439123485
llda_abstracts,266.0,2000.0,100.0,0.7,0.3,63.09171532402093
llda_abstracts,267.0,2000.0,100.0,0.7,0.5,76.04407114566655
llda_abstracts,268.0,2000.0,100.0,0.7,0.7,86.58893073324137
llda_abstracts,269.0,2000.0,100.0,0.7,0.9,96.00202511870836
llda_abstracts,270.0,2000.0,100.0,0.9,0.1,50.41078641963701
llda_abstracts,271.0,2000.0,100.0,0.9,0.3,65.96002035792844
llda_abstracts,272.0,2000.0,100.0,0.9,0.5,79.22569419957044
llda_abstracts,273.0,2000.0,100.0,0.9,0.7,90.23876652294408
llda_abstracts,274.0,2000.0,100.0,0.9,0.9,98.76068728679176
llda_abstracts,275.0,2000.0,200.0,0.1,0.1,34.39636836957415
llda_abstracts,276.0,2000.0,200.0,0.1,0.3,46.38370362664558
llda_abstracts,277.0,2000.0,200.0,0.1,0.5,56.92436922283304
llda_abstracts,278.0,2000.0,200.0,0.1,0.7,66.45431008733634
llda_abstracts,279.0,2000.0,200.0,0.1,0.9,73.05431655047617
llda_abstracts,280.0,2000.0,200.0,0.3,0.1,39.215242002205095
llda_abstracts,281.0,2000.0,200.0,0.3,0.3,53.62562815822999
llda_abstracts,282.0,2000.0,200.0,0.3,0.5,66.53072613769663
llda_abstracts,283.0,2000.0,200.0,0.3,0.7,77.42967059058056
llda_abstracts,284.0,2000.0,200.0,0.3,0.9,84.8836507614205
llda_abstracts,285.0,2000.0,200.0,0.5,0.1,43.61796581514309
llda_abstracts,286.0,2000.0,200.0,0.5,0.3,60.2970335604469
llda_abstracts,287.0,2000.0,200.0,0.5,0.5,71.98347922240741
llda_abstracts,288.0,2000.0,200.0,0.5,0.7,
llda_abstracts,289.0,2000.0,200.0,0.5,0.9,90.98957081604479
llda_abstracts,290.0,2000.0,200.0,0.7,0.1,48.451762439123485
llda_abstracts,291.0,2000.0,200.0,0.7,0.3,63.09171532402093
llda_abstracts,292.0,2000.0,200.0,0.7,0.5,76.04407114566655
llda_abstracts,293.0,2000.0,200.0,0.7,0.7,86.58893073324137
llda_abstracts,294.0,2000.0,200.0,0.7,0.9,96.00202511870836
llda_abstracts,295.0,2000.0,200.0,0.9,0.1,50.41078641963701
llda_abstracts,296.0,2000.0,200.0,0.9,0.3,65.96002035792844
llda_abstracts,297.0,2000.0,200.0,0.9,0.5,79.22569419957044
llda_abstracts,298.0,2000.0,200.0,0.9,0.7,90.88849563602587
llda_abstracts,299.0,2000.0,200.0,0.9,0.9,98.76068728679176
llda_abstracts,300.0,3000.0,25.0,0.1,0.1,34.87620607453298
llda_abstracts,301.0,3000.0,25.0,0.1,0.3,44.132619682455655
llda_abstracts,302.0,3000.0,25.0,0.1,0.5,51.98436354411182
llda_abstracts,303.0,3000.0,25.0,0.1,0.7,60.17406369889239
llda_abstracts,304.0,3000.0,25.0,0.1,0.9,66.63215759888531
llda_abstracts,305.0,3000.0,25.0,0.3,0.1,39.53850060245368
llda_abstracts,306.0,3000.0,25.0,0.3,0.3,50.10468813763651
llda_abstracts,307.0,3000.0,25.0,0.3,0.5,59.86174302978882
llda_abstracts,308.0,3000.0,25.0,0.3,0.7,67.53962198191357
llda_abstracts,309.0,3000.0,25.0,0.3,0.9,75.5094658896209
llda_abstracts,310.0,3000.0,25.0,0.5,0.1,43.52766751772232
llda_abstracts,311.0,3000.0,25.0,0.5,0.3,
llda_abstracts,312.0,3000.0,25.0,0.5,0.5,65.25729149749415
llda_abstracts,313.0,3000.0,25.0,0.5,0.7,73.01477944276125
llda_abstracts,314.0,3000.0,25.0,0.5,0.9,81.05937193798412
llda_abstracts,315.0,3000.0,25.0,0.7,0.1,46.80069150033676
llda_abstracts,316.0,3000.0,25.0,0.7,0.3,58.02743447306792
llda_abstracts,317.0,3000.0,25.0,0.7,0.5,67.98768020737002
llda_abstracts,318.0,3000.0,25.0,0.7,0.7,77.55956488274549
llda_abstracts,319.0,3000.0,25.0,0.7,0.9,85.4849917564747
llda_abstracts,320.0,3000.0,25.0,0.9,0.1,49.71851023467742
llda_abstracts,321.0,3000.0,25.0,0.9,0.3,61.14346166257018
llda_abstracts,322.0,3000.0,25.0,0.9,0.5,71.19608752664513
llda_abstracts,323.0,3000.0,25.0,0.9,0.7,80.58230773559809
llda_abstracts,324.0,3000.0,25.0,0.9,0.9,88.9900029477903
llda_abstracts,325.0,3000.0,50.0,0.1,0.1,
llda_abstracts,326.0,3000.0,50.0,0.1,0.3,44.35714564300989
llda_abstracts,327.0,3000.0,50.0,0.1,0.5,52.562175972530966
llda_abstracts,328.0,3000.0,50.0,0.1,0.7,60.17406369889239
llda_abstracts,329.0,3000.0,50.0,0.1,0.9,65.73485006037589
llda_abstracts,330.0,3000.0,50.0,0.3,0.1,38.934431218487774
llda_abstracts,331.0,3000.0,50.0,0.3,0.3,49.41041135039706
llda_abstracts,332.0,3000.0,50.0,0.3,0.5,59.86174302978882
llda_abstracts,333.0,3000.0,50.0,0.3,0.7,66.552850526722
llda_abstracts,334.0,3000.0,50.0,0.3,0.9,75.52361968766598
llda_abstracts,335.0,3000.0,50.0,0.5,0.1,42.787691584710274
llda_abstracts,336.0,3000.0,50.0,0.5,0.3,54.67954519103914
llda_abstracts,337.0,3000.0,50.0,0.5,0.5,64.58234058020199
llda_abstracts,338.0,3000.0,50.0,0.5,0.7,73.7403685440407
llda_abstracts,339.0,3000.0,50.0,0.5,0.9,81.05937193798412
llda_abstracts,340.0,3000.0,50.0,0.7,0.1,46.753827266111024
llda_abstracts,341.0,3000.0,50.0,0.7,0.3,58.358571348430125
llda_abstracts,342.0,3000.0,50.0,0.7,0.5,67.86593485472156
llda_abstracts,343.0,3000.0,50.0,0.7,0.7,77.59117822312402
llda_abstracts,344.0,3000.0,50.0,0.7,0.9,84.93921235664124
llda_abstracts,345.0,3000.0,50.0,0.9,0.1,49.71851023467742
llda_abstracts,346.0,3000.0,50.0,0.9,0.3,61.03310842987771
llda_abstracts,347.0,3000.0,50.0,0.9,0.5,71.68391963519957
llda_abstracts,348.0,3000.0,50.0,0.9,0.7,79.93870976931571
llda_abstracts,349.0,3000.0,50.0,0.9,0.9,88.9900029477903
llda_abstracts,350.0,3000.0,100.0,0.1,0.1,34.87620607453298
llda_abstracts,351.0,3000.0,100.0,0.1,0.3,44.35714564300989
llda_abstracts,352.0,3000.0,100.0,0.1,0.5,52.562175972530966
llda_abstracts,353.0,3000.0,100.0,0.1,0.7,60.17406369889239
llda_abstracts,354.0,3000.0,100.0,0.1,0.9,66.47686933873847
llda_abstracts,355.0,3000.0,100.0,0.3,0.1,38.934431218487774
llda_abstracts,356.0,3000.0,100.0,0.3,0.3,49.454366992365685
llda_abstracts,357.0,3000.0,100.0,0.3,0.5,59.86174302978882
llda_abstracts,358.0,3000.0,100.0,0.3,0.7,66.552850526722
llda_abstracts,359.0,3000.0,100.0,0.3,0.9,75.34054480076286
llda_abstracts,360.0,3000.0,100.0,0.5,0.1,43.093230472365434
llda_abstracts,361.0,3000.0,100.0,0.5,0.3,54.36805560832156
llda_abstracts,362.0,3000.0,100.0,0.5,0.5,64.13191693463115
llda_abstracts,363.0,3000.0,100.0,0.5,0.7,73.7403685440407
llda_abstracts,364.0,3000.0,100.0,0.5,0.9,81.05937193798412
llda_abstracts,365.0,3000.0,100.0,0.7,0.1,46.49425465679278
llda_abstracts,366.0,3000.0,100.0,0.7,0.3,58.53270098224246
llda_abstracts,367.0,3000.0,100.0,0.7,0.5,68.63226589871606
llda_abstracts,368.0,3000.0,100.0,0.7,0.7,77.59117822312402
llda_abstracts,369.0,3000.0,100.0,0.7,0.9,84.93921235664124
llda_abstracts,370.0,3000.0,100.0,0.9,0.1,49.71851023467742
llda_abstracts,371.0,3000.0,100.0,0.9,0.3,61.03310842987771
llda_abstracts,372.0,3000.0,100.0,0.9,0.5,71.46842843182277
llda_abstracts,373.0,3000.0,100.0,0.9,0.7,80.37370469363177
llda_abstracts,374.0,3000.0,100.0,0.9,0.9,88.9900029477903
llda_abstracts,375.0,3000.0,200.0,0.1,0.1,34.87620607453298
llda_abstracts,376.0,3000.0,200.0,0.1,0.3,44.35714564300989
llda_abstracts,377.0,3000.0,200.0,0.1,0.5,52.562175972530966
llda_abstracts,378.0,3000.0,200.0,0.1,0.7,60.17406369889239
llda_abstracts,379.0,3000.0,200.0,0.1,0.9,66.47686933873847
llda_abstracts,380.0,3000.0,200.0,0.3,0.1,38.934431218487774
llda_abstracts,381.0,3000.0,200.0,0.3,0.3,49.60301442355812
llda_abstracts,382.0,3000.0,200.0,0.3,0.5,59.86174302978882
llda_abstracts,383.0,3000.0,200.0,0.3,0.7,66.552850526722
llda_abstracts,384.0,3000.0,200.0,0.3,0.9,75.34054480076286
llda_abstracts,385.0,3000.0,200.0,0.5,0.1,43.093230472365434
llda_abstracts,386.0,3000.0,200.0,0.5,0.3,54.36805560832156
llda_abstracts,387.0,3000.0,200.0,0.5,0.5,64.56180695489962
llda_abstracts,388.0,3000.0,200.0,0.5,0.7,73.7403685440407
llda_abstracts,389.0,3000.0,200.0,0.5,0.9,81.05937193798412
llda_abstracts,390.0,3000.0,200.0,0.7,0.1,46.49425465679278
llda_abstracts,391.0,3000.0,200.0,0.7,0.3,58.53270098224246
llda_abstracts,392.0,3000.0,200.0,0.7,0.5,
llda_abstracts,393.0,3000.0,200.0,0.7,0.7,77.59117822312402
llda_abstracts,394.0,3000.0,200.0,0.7,0.9,84.93921235664124
llda_abstracts,395.0,3000.0,200.0,0.9,0.1,49.71851023467742
llda_abstracts,396.0,3000.0,200.0,0.9,0.3,61.03310842987771
llda_abstracts,397.0,3000.0,200.0,0.9,0.5,71.46842843182277
llda_abstracts,398.0,3000.0,200.0,0.9,0.7,80.37370469363177
llda_abstracts,399.0,3000.0,200.0,0.9,0.9,88.9900029477903
llda_abstracts,400.0,12708.0,25.0,0.1,0.1,34.79003843026952
llda_abstracts,401.0,12708.0,25.0,0.1,0.3,38.046606381128505
llda_abstracts,402.0,12708.0,25.0,0.1,0.5,41.06815191417553
llda_abstracts,403.0,12708.0,25.0,0.1,0.7,
llda_abstracts,404.0,12708.0,25.0,0.1,0.9,
llda_abstracts,405.0,12708.0,25.0,0.3,0.1,
llda_abstracts,406.0,12708.0,25.0,0.3,0.3,
llda_abstracts,407.0,12708.0,25.0,0.3,0.5,
llda_abstracts,408.0,12708.0,25.0,0.3,0.7,47.71526940105542
llda_abstracts,409.0,12708.0,25.0,0.3,0.9,50.40905988004579
llda_abstracts,410.0,12708.0,25.0,0.5,0.1,41.599366411400965
llda_abstracts,411.0,12708.0,25.0,0.5,0.3,45.804051752697276
llda_abstracts,412.0,12708.0,25.0,0.5,0.5,48.657024596372345
llda_abstracts,413.0,12708.0,25.0,0.5,0.7,51.472174594999494
llda_abstracts,414.0,12708.0,25.0,0.5,0.9,54.59673084204959
llda_abstracts,415.0,12708.0,25.0,0.7,0.1,44.40948985595038
llda_abstracts,416.0,12708.0,25.0,0.7,0.3,48.12237469918181
llda_abstracts,417.0,12708.0,25.0,0.7,0.5,51.573693906051254
llda_abstracts,418.0,12708.0,25.0,0.7,0.7,54.80192748038157
llda_abstracts,419.0,12708.0,25.0,0.7,0.9,58.03176901541826
llda_abstracts,420.0,12708.0,25.0,0.9,0.1,46.971595541638976
llda_abstracts,421.0,12708.0,25.0,0.9,0.3,50.892748029546176
llda_abstracts,422.0,12708.0,25.0,0.9,0.5,54.57640083921429
llda_abstracts,423.0,12708.0,25.0,0.9,0.7,57.18343661389789
llda_abstracts,424.0,12708.0,25.0,0.9,0.9,60.33360084928539
llda_abstracts,425.0,12708.0,50.0,0.1,0.1,34.185077941121676
llda_abstracts,426.0,12708.0,50.0,0.1,0.3,38.046606381128505
llda_abstracts,427.0,12708.0,50.0,0.1,0.5,40.88413534764822
llda_abstracts,428.0,12708.0,50.0,0.1,0.7,43.988569193764036
llda_abstracts,429.0,12708.0,50.0,0.1,0.9,46.24933021213339
llda_abstracts,430.0,12708.0,50.0,0.3,0.1,38.019906913179575
llda_abstracts,431.0,12708.0,50.0,0.3,0.3,41.8035186141997
llda_abstracts,432.0,12708.0,50.0,0.3,0.5,45.45428248408024
llda_abstracts,433.0,12708.0,50.0,0.3,0.7,47.58717771026638
llda_abstracts,434.0,12708.0,50.0,0.3,0.9,50.40905988004579
llda_abstracts,435.0,12708.0,50.0,0.5,0.1,41.29396237459584
llda_abstracts,436.0,12708.0,50.0,0.5,0.3,45.804051752697276
llda_abstracts,437.0,12708.0,50.0,0.5,0.5,48.657024596372345
llda_abstracts,438.0,12708.0,50.0,0.5,0.7,51.472174594999494
llda_abstracts,439.0,12708.0,50.0,0.5,0.9,54.59673084204959
llda_abstracts,440.0,12708.0,50.0,0.7,0.1,44.44981733089148
llda_abstracts,441.0,12708.0,50.0,0.7,0.3,48.18478614701153
llda_abstracts,442.0,12708.0,50.0,0.7,0.5,51.52854670707613
llda_abstracts,443.0,12708.0,50.0,0.7,0.7,54.67310620158885
llda_abstracts,444.0,12708.0,50.0,0.7,0.9,57.728465737769184
llda_abstracts,445.0,12708.0,50.0,0.9,0.1,46.776332342451106
llda_abstracts,446.0,12708.0,50.0,0.9,0.3,50.892748029546176
llda_abstracts,447.0,12708.0,50.0,0.9,0.5,54.57640083921429
llda_abstracts,448.0,12708.0,50.0,0.9,0.7,57.02094282041401
llda_abstracts,449.0,12708.0,50.0,0.9,0.9,60.28649716025897
llda_abstracts,450.0,12708.0,100.0,0.1,0.1,34.185077941121676
llda_abstracts,451.0,12708.0,100.0,0.1,0.3,38.046606381128505
llda_abstracts,452.0,12708.0,100.0,0.1,0.5,40.88413534764822
llda_abstracts,453.0,12708.0,100.0,0.1,0.7,43.988569193764036
llda_abstracts,454.0,12708.0,100.0,0.1,0.9,46.24933021213339
llda_abstracts,455.0,12708.0,100.0,0.3,0.1,38.019906913179575
llda_abstracts,456.0,12708.0,100.0,0.3,0.3,41.8035186141997
llda_abstracts,457.0,12708.0,100.0,0.3,0.5,45.45428248408024
llda_abstracts,458.0,12708.0,100.0,0.3,0.7,47.58717771026638
llda_abstracts,459.0,12708.0,100.0,0.3,0.9,50.40905988004579
llda_abstracts,460.0,12708.0,100.0,0.5,0.1,41.29396237459584
llda_abstracts,461.0,12708.0,100.0,0.5,0.3,45.804051752697276
llda_abstracts,462.0,12708.0,100.0,0.5,0.5,48.657024596372345
llda_abstracts,463.0,12708.0,100.0,0.5,0.7,51.472174594999494
llda_abstracts,464.0,12708.0,100.0,0.5,0.9,54.59673084204959
llda_abstracts,465.0,12708.0,100.0,0.7,0.1,44.44981733089148
llda_abstracts,466.0,12708.0,100.0,0.7,0.3,48.133567838169526
llda_abstracts,467.0,12708.0,100.0,0.7,0.5,51.52854670707613
llda_abstracts,468.0,12708.0,100.0,0.7,0.7,54.53177350533199
llda_abstracts,469.0,12708.0,100.0,0.7,0.9,57.728465737769184
llda_abstracts,470.0,12708.0,100.0,0.9,0.1,46.776332342451106
llda_abstracts,471.0,12708.0,100.0,0.9,0.3,50.892748029546176
llda_abstracts,472.0,12708.0,100.0,0.9,0.5,54.57640083921429
llda_abstracts,473.0,12708.0,100.0,0.9,0.7,57.02094282041401
llda_abstracts,474.0,12708.0,100.0,0.9,0.9,59.97417651827483
llda_abstracts,475.0,12708.0,200.0,0.1,0.1,34.931483960251626
llda_abstracts,476.0,12708.0,200.0,0.1,0.3,38.046606381128505
llda_abstracts,477.0,12708.0,200.0,0.1,0.5,40.88413534764822
llda_abstracts,478.0,12708.0,200.0,0.1,0.7,43.988569193764036
llda_abstracts,479.0,12708.0,200.0,0.1,0.9,46.24933021213339
llda_abstracts,480.0,12708.0,200.0,0.3,0.1,38.019906913179575
llda_abstracts,481.0,12708.0,200.0,0.3,0.3,
llda_abstracts,482.0,12708.0,200.0,0.3,0.5,45.45428248408024
llda_abstracts,483.0,12708.0,200.0,0.3,0.7,47.58717771026638
llda_abstracts,484.0,12708.0,200.0,0.3,0.9,50.40905988004579
llda_abstracts,485.0,12708.0,200.0,0.5,0.1,41.29396237459584
llda_abstracts,486.0,12708.0,200.0,0.5,0.3,45.804051752697276
llda_abstracts,487.0,12708.0,200.0,0.5,0.5,48.657024596372345
llda_abstracts,488.0,12708.0,200.0,0.5,0.7,51.472174594999494
llda_abstracts,489.0,12708.0,200.0,0.5,0.9,54.59673084204959
llda_abstracts,490.0,12708.0,200.0,0.7,0.1,44.44981733089148
llda_abstracts,491.0,12708.0,200.0,0.7,0.3,48.133567838169526
llda_abstracts,492.0,12708.0,200.0,0.7,0.5,51.52854670707613
llda_abstracts,493.0,12708.0,200.0,0.7,0.7,54.53177350533199
llda_abstracts,494.0,12708.0,200.0,0.7,0.9,57.728465737769184
llda_abstracts,495.0,12708.0,200.0,0.9,0.1,46.776332342451106
llda_abstracts,496.0,12708.0,200.0,0.9,0.3,50.892748029546176
llda_abstracts,497.0,12708.0,200.0,0.9,0.5,54.57640083921429
llda_abstracts,498.0,12708.0,200.0,0.9,0.7,57.02094282041401
llda_abstracts,499.0,12708.0,200.0,0.9,0.9,59.97417651827483
,,,,,,
